ayan ahmad,34,1020,Espresso
ayan ahmad,34,1010,Vanilla Sponge Cake
ayan ahmad,34,1030,Nachos
ayan ahmad,34,1001,Classic Cheeseburger
ayan ahmad,34,1030,Nachos
ayan ahmad,34,1001,Classic Cheeseburger
ayan ahmad,34,1020,fish
ayan ahmad,34,1020,fish
ayan ahmad,34,1020,fish
ayan ahmad,34,1030,Nachos
ayan ahmad,34,1060,Fruit Tart
ayan ahmad,34,1060,Fruit Tart
ayan ahmad,34,1060,Fruit Tart
ayan ahmad,34,1060,Fruit Tart
ayan ahmad,34,1060,Fruit Tart
ayan ahmad,34,1059,Muffins (Assorted Flavors)
ayan ahmad,34,1020,fish
